domination_number,total_domination_number,connected_domination_number,independence_number,zero_forcing_number,diameter,radius,order,independent_domination_number,chromatic_number,matching_number,min_maximal_matching_number,triameter,min_degree,max_degree,clique_number,residue,annihilation_number,vertex_cover_number,density,algebraic_connectivity,k-slater-index,k_residual_index,slater,sub_total_domination_number,2-residue,number_of_degree_one_nodes,average_degree,number_of_min_degree_nodes,number_of_max_degree_nodes,bipartite,eulerian,planar,regular,cubic,not_K_n,triangle_free,claw_free,a_tree,at_free,has_bridges,chordal,2_edge_connected,distance_regular,strongly_regular,semieulerian,bull_free,complete_graph,sub_cubic,name,paired_domination_number,power_domination_number,2-power_domination_number,2-domination_number,2-forcing_number,total_forcing_number
4,6,6,7,6,3,3,14,4,2,7,5,8,3,3,2,4,7,7,0.2307692307692307,1.5857864376269055,1,3,4,5,5.5,0,3.0,14,14,true,false,false,true,true,true,true,false,false,false,false,false,true,true,false,false,true,false,true,graph-0,6,2,1,7,2,6
3,5,7,4,5,4,4,12,3,3,6,4,9,3,3,3,3,6,8,0.2727272727272727,0.4858630706647092,1,2,3,4,4.5,0,3.0,12,12,false,false,true,true,true,true,false,true,false,false,false,false,true,false,false,false,true,false,true,graph-1,6,3,1,6,2,6
2,3,3,3,1,4,2,5,2,2,2,2,8,1,2,2,2,3,2,0.4,0.3819660112501053,1,2,2,3,3.0,2,1.6,2,3,true,false,true,false,false,true,true,true,true,true,true,true,false,false,false,true,true,false,true,graph-2,4,1,1,3,1,2
1,2,1,4,3,2,1,5,1,2,1,1,6,1,4,2,4,4,1,0.4,1.0000000000000004,1,1,1,2,4.0,4,1.6,4,1,true,false,true,false,false,true,true,false,true,true,true,true,false,false,false,false,true,false,false,graph-3,2,1,1,4,2,4
2,2,2,3,2,3,2,5,2,2,2,1,8,1,3,2,3,3,2,0.4,0.5188056959079879,1,1,2,2,3.5,3,1.6,3,1,true,false,true,false,false,true,true,false,true,true,true,true,false,false,false,false,true,false,true,graph-4,2,1,1,4,1,3
2,2,2,3,2,3,2,5,2,2,2,2,6,1,3,2,2,3,2,0.5,0.8299135133739666,1,2,2,2,3.0,1,2.0,1,1,true,false,true,false,false,true,true,false,false,true,true,false,false,false,false,true,true,false,true,graph-5,2,1,1,3,1,2
2,2,2,3,2,3,2,5,2,3,2,1,7,1,3,3,3,3,2,0.5,0.6972243622680061,1,1,2,2,3.0,2,2.0,2,2,false,false,true,false,false,true,false,true,false,true,true,true,false,false,false,false,false,false,true,graph-6,2,1,1,3,1,2
1,2,1,3,2,2,1,5,1,3,2,1,6,1,4,3,3,3,2,0.5,1.0000000000000009,1,1,1,2,3.5,2,2.0,2,1,false,false,true,false,false,true,false,false,false,true,true,true,false,false,false,true,true,false,false,graph-7,2,1,1,4,1,3
2,2,2,2,2,3,2,5,2,3,2,2,7,1,3,3,2,3,3,0.5,0.5188056959079845,1,1,2,2,3.0,1,2.0,1,1,false,false,true,false,false,true,false,true,false,true,true,true,false,false,false,true,true,false,true,graph-8,2,1,1,3,1,2
2,2,2,3,3,2,2,5,2,2,2,2,6,2,3,2,2,3,2,0.6,2.0000000000000013,1,3,2,2,2.5,0,2.4,3,2,true,false,true,false,false,true,true,false,false,true,false,false,true,false,false,true,true,false,true,graph-9,2,1,1,2,1,3
2,2,2,2,2,2,2,5,2,3,2,2,5,2,3,3,2,3,3,0.6,1.381966011250105,1,1,2,2,2.5,0,2.4,3,2,false,false,true,false,false,true,false,true,false,true,false,false,true,false,false,true,true,false,true,graph-10,2,1,1,3,1,2
1,2,1,3,2,2,1,5,1,3,2,1,6,1,4,3,3,3,2,0.6,1.0000000000000018,1,1,1,2,3.0,1,2.4,1,1,false,false,true,false,false,true,false,false,false,true,true,true,false,false,false,true,true,false,false,graph-11,2,1,1,3,1,2
2,2,2,2,2,3,2,5,2,3,2,2,6,1,3,3,2,3,3,0.6,0.8299135133739663,1,1,2,2,2.5,1,2.4,1,3,false,false,true,false,false,true,false,true,false,true,true,true,false,false,false,false,true,false,true,graph-12,2,1,1,3,1,2
1,2,1,2,3,2,1,5,1,3,2,2,5,2,4,3,2,3,3,0.6,1.0000000000000004,1,1,1,2,3.0,0,2.4,4,1,false,true,true,false,false,true,false,true,false,true,false,true,true,false,false,false,true,false,false,graph-13,2,1,1,3,1,3
1,2,1,3,3,2,1,5,1,3,2,1,6,2,4,3,3,3,2,0.7,2.000000000000001,1,1,1,2,3.0,0,2.8,3,2,false,true,true,false,false,true,false,false,false,true,false,true,true,false,false,false,true,false,false,graph-14,2,1,1,2,1,3
1,2,1,2,2,2,1,5,1,3,2,2,5,2,4,3,2,3,3,0.7,1.585786437626905,1,1,1,2,2.5,0,2.8,2,1,false,false,true,false,false,true,false,true,false,true,false,true,true,false,false,true,true,false,false,graph-15,2,1,1,3,1,2
2,2,2,2,3,2,2,5,2,3,2,2,5,2,3,3,2,2,3,0.7,2.0,1,1,2,2,2.0,0,2.8,1,4,false,false,true,false,false,true,false,true,false,true,false,false,true,false,false,false,true,false,true,graph-16,2,1,1,2,1,3
1,2,1,2,3,2,1,5,1,4,2,2,5,1,4,4,2,3,3,0.7,1.000000000000001,1,1,1,2,2.5,1,2.8,1,1,false,false,true,false,false,true,false,true,false,true,true,true,false,false,false,false,true,false,false,graph-17,2,1,1,3,2,3
1,2,1,2,3,2,1,5,1,3,2,2,4,3,4,3,2,2,3,0.8,3.000000000000001,1,1,1,2,2.0,0,3.2,4,1,false,false,true,false,false,true,false,true,false,true,false,false,true,false,false,false,true,false,false,graph-18,2,1,1,2,2,3
1,2,1,2,3,2,1,5,1,4,2,2,5,2,4,4,2,3,3,0.8,2.0000000000000018,1,1,1,2,2.5,0,3.2,1,2,false,false,true,false,false,true,false,true,false,true,false,true,true,false,false,true,true,false,false,graph-19,2,1,1,2,1,3
1,2,1,2,3,2,1,5,1,4,2,2,4,3,4,4,2,2,3,0.9,3.0000000000000018,1,1,1,2,2.0,0,3.6,2,3,false,false,true,false,false,true,false,true,false,true,false,true,true,false,false,true,true,false,false,graph-20,2,1,1,2,2,3
1,2,1,1,4,1,1,5,1,5,2,2,3,4,4,5,1,2,4,1.0,4.999999999999999,1,1,1,2,1.5,0,4.0,5,5,false,true,false,true,false,false,false,true,false,true,false,true,true,true,false,false,true,true,false,graph-21,2,1,1,2,3,4
1,2,1,2,1,2,1,3,1,2,1,1,4,1,2,2,2,2,1,0.6666666666666666,1.0,1,1,1,2,2.0,2,1.3333333333333333,2,1,true,false,true,false,false,true,true,true,true,true,true,true,false,false,false,true,true,false,true,graph-22,2,1,1,2,1,2
2,2,2,4,2,3,2,6,3,2,2,1,8,1,3,2,4,4,2,0.3333333333333333,0.4384471871911706,1,1,2,2,4.0,4,1.6666666666666667,4,2,true,false,true,false,false,true,true,false,true,true,true,true,false,false,false,false,true,false,true,graph-23,2,2,1,4,1,4
2,3,3,3,2,4,2,6,2,2,3,2,8,1,3,2,3,3,3,0.4,0.4384471871911697,1,1,2,3,3.5,1,2.0,1,1,true,false,true,false,false,true,true,false,false,true,true,false,false,false,false,true,true,false,true,graph-24,4,1,1,3,1,2
2,2,2,2,2,3,2,6,2,3,3,2,6,2,4,3,2,3,4,0.6,1.186393497351669,1,1,2,2,3.0,0,3.0,2,2,false,false,true,false,false,true,false,true,false,true,false,true,true,false,false,true,true,false,false,graph-25,2,1,1,3,1,2
2,2,2,2,3,3,2,6,2,4,3,2,7,1,4,4,2,3,4,0.6,0.7639320225002105,1,1,2,2,3.0,1,3.0,1,2,false,false,true,false,false,true,false,true,false,true,true,true,false,false,false,false,true,false,false,graph-26,2,1,1,3,1,3
2,2,2,6,6,2,2,8,2,2,2,2,6,2,6,2,5,6,2,0.4285714285714285,2.000000000000001,1,6,2,2,5.5,0,3.0,6,2,true,true,true,false,false,true,true,false,false,true,false,false,true,false,false,false,true,false,false,graph-27,2,1,1,2,4,6
3,5,6,6,3,7,4,11,3,2,5,4,14,1,3,2,4,6,5,0.2181818181818181,0.1863934973516695,1,3,3,4,5.5,1,2.1818181818181817,1,3,true,false,true,false,false,true,true,false,false,false,true,false,false,false,false,false,true,false,true,graph-28,6,2,1,6,1,4
4,6,7,5,2,7,4,10,4,2,5,3,18,1,3,2,4,6,5,0.2,0.1478922789576828,2,2,3,5,6.0,3,1.8,3,1,true,false,true,false,false,true,true,false,true,false,true,true,false,false,false,false,true,false,true,graph-29,6,1,1,6,1,3
1,2,1,3,3,2,1,6,1,4,3,2,6,1,5,4,3,4,3,0.6,1.0000000000000018,1,1,1,2,3.5,1,3.0,1,1,false,false,true,false,false,true,false,false,false,true,true,true,false,false,false,false,true,false,false,graph-30,2,1,1,3,1,3
3,5,6,6,4,4,4,13,3,3,6,4,10,2,5,3,4,8,7,0.2435897435897435,0.5306897169996831,1,2,3,3,6.0,0,2.923076923076923,5,2,false,false,true,false,false,true,false,false,false,false,false,false,true,false,false,false,false,false,false,graph-31,6,1,1,6,1,4
4,5,5,5,4,6,3,12,4,3,6,4,13,2,4,3,4,7,7,0.2424242424242424,0.1879492334519672,2,2,3,4,5.5,0,2.6666666666666665,5,1,false,false,true,false,false,true,false,false,false,false,true,false,false,false,false,false,false,false,false,graph-32,6,2,1,6,1,4
2,2,2,2,2,2,2,4,2,2,2,2,4,2,2,2,2,2,2,0.6666666666666666,2.000000000000001,1,1,2,2,2.0,0,2.0,4,4,true,true,true,true,false,true,true,true,false,true,false,false,true,true,true,false,true,false,true,graph-33,2,1,1,2,1,2
2,2,2,3,3,3,2,6,2,3,3,2,7,1,4,3,3,4,3,0.4666666666666667,0.6313506281127625,1,1,2,2,3.5,1,2.333333333333333,1,1,false,false,true,false,false,true,false,true,false,true,true,true,false,false,false,true,false,false,false,graph-34,2,1,1,4,1,3
3,5,5,5,3,4,3,11,3,3,5,3,9,2,3,2,4,6,6,0.2545454545454545,0.6972243622680098,1,2,3,4,5.0,0,2.5454545454545454,5,6,false,false,true,false,false,true,true,false,false,false,false,false,true,false,false,false,true,false,true,graph-35,6,1,1,6,1,3
6,6,6,10,6,4,2,16,6,2,6,6,12,2,10,2,7,10,6,0.1666666666666666,0.5857864376269071,2,2,3,4,10.0,0,2.5,15,1,true,true,true,false,false,true,true,false,false,false,false,false,true,false,false,false,true,false,false,graph-36,10,1,1,6,4,6
5,5,5,8,3,4,2,17,5,3,8,6,12,2,8,3,5,10,9,0.1911764705882352,0.5995350235709341,2,3,3,4,7.5,0,3.0588235294117645,6,1,false,false,true,false,false,true,false,false,false,false,false,false,true,false,false,false,false,false,false,graph-37,8,1,1,8,1,3
1,2,1,2,2,2,1,4,1,3,2,1,4,2,3,3,2,2,2,0.8333333333333334,2.000000000000001,1,1,1,2,2.0,0,2.5,2,2,false,false,true,false,false,true,false,true,false,true,false,true,true,false,false,true,true,false,true,graph-38,2,1,1,2,1,2
1,2,1,2,2,2,1,4,1,3,2,1,5,1,3,3,2,2,2,0.6666666666666666,1.0,1,1,1,2,2.5,1,2.0,1,1,false,false,true,false,false,true,false,true,false,true,true,true,false,false,false,true,true,false,true,graph-39,2,1,1,3,1,2
1,2,1,1,3,1,1,4,1,4,2,2,3,3,3,4,1,2,3,1.0,4.0,1,1,1,2,1.5,0,3.0,4,4,false,false,true,true,true,false,false,true,false,true,false,true,true,true,false,false,true,true,true,graph-40,2,1,1,2,2,3
1,2,1,3,2,2,1,4,1,2,1,1,6,1,3,2,3,3,1,0.5,1.0000000000000009,1,1,1,2,3.0,3,1.5,3,1,true,false,true,false,false,true,true,false,true,true,true,true,false,false,false,false,true,false,true,graph-41,2,1,1,3,1,3
2,3,3,2,2,2,2,5,2,3,2,2,5,2,2,2,2,2,3,0.5,1.3819660112501055,1,1,2,3,2.5,0,2.0,5,5,false,true,true,true,false,true,true,true,false,true,false,false,true,true,true,false,true,false,true,graph-42,4,1,1,3,1,2
4,6,7,7,8,6,3,16,4,3,7,6,18,3,3,3,4,8,9,0.2,0.1442274933640117,1,3,4,6,6.0,0,3.0,16,16,false,false,true,true,true,true,false,false,false,false,true,false,false,false,false,false,true,false,true,graph-43,6,3,1,7,2,8
3,5,5,5,5,3,3,12,3,3,6,4,9,3,3,3,3,6,7,0.2727272727272727,1.0000000000000009,1,3,3,4,4.5,0,3.0,12,12,false,false,false,true,true,true,false,false,false,false,false,false,true,false,false,false,false,false,true,graph-44,6,2,1,5,2,5
1,2,1,1,4,1,1,5,1,5,2,2,3,4,4,5,1,2,4,1.0,4.999999999999999,1,1,1,2,1.5,0,4.0,5,5,false,true,false,true,false,false,false,true,false,true,false,true,true,true,false,false,true,true,false,graph-45,2,1,1,2,3,4
2,2,2,4,6,2,2,8,4,2,4,4,6,4,4,2,2,4,4,0.5714285714285714,3.999999999999999,1,4,2,2,2.5,0,4.0,8,8,true,true,false,true,false,true,true,false,false,true,false,false,true,true,true,false,true,false,false,graph-46,2,2,2,4,4,6
3,4,5,6,3,6,3,9,3,2,3,2,14,1,3,2,4,6,3,0.2222222222222222,0.1391941468882968,1,3,3,4,5.5,4,1.7777777777777777,4,2,true,false,true,false,false,true,true,false,true,true,true,true,false,false,false,false,true,false,true,graph-47,4,2,1,6,1,5
3,4,5,8,5,6,3,11,3,2,3,2,14,1,4,2,6,8,3,0.1818181818181818,0.1080455593360836,1,3,3,4,7.5,6,1.818181818181818,6,2,true,false,true,false,false,true,true,false,true,true,true,true,false,false,false,false,true,false,false,graph-48,4,2,2,8,3,7
3,4,5,10,7,6,3,13,3,2,3,2,14,1,5,2,8,10,3,0.1538461538461538,0.0884966859249758,1,3,3,4,9.5,8,1.8461538461538465,8,2,true,false,true,false,false,true,true,false,true,true,true,true,false,false,false,false,true,false,false,graph-49,4,2,2,10,5,9
4,6,7,9,5,6,3,13,4,2,4,3,18,1,3,2,5,9,4,0.1538461538461538,0.1391941468882966,1,3,4,5,7.5,6,1.8461538461538465,6,4,true,false,true,false,false,true,true,false,true,false,true,true,false,false,false,false,true,false,true,graph-50,6,3,1,9,1,8
3,4,4,7,4,4,2,10,3,2,3,3,12,1,3,2,4,7,3,0.2,0.2679491924311236,1,3,3,4,6.0,6,1.8,6,4,true,false,true,false,false,true,true,false,true,false,true,true,false,false,false,false,true,false,true,graph-51,6,3,1,7,1,7
4,4,4,4,2,5,3,8,4,2,4,2,12,1,3,2,4,5,4,0.25,0.2508824522534799,2,1,2,3,5.0,4,1.75,4,2,true,false,true,false,false,true,true,false,true,true,true,true,false,false,false,false,true,false,true,graph-52,4,2,1,6,1,4
5,5,5,5,3,6,3,10,5,2,5,3,14,1,3,2,4,7,5,0.2,0.1729090847147986,2,2,3,4,6.0,5,1.8,5,3,true,false,true,false,false,true,true,false,true,true,true,true,false,false,false,false,true,false,true,graph-53,6,2,1,7,1,5
6,6,6,6,3,7,4,12,6,2,6,3,16,1,3,2,5,8,6,0.1666666666666666,0.125039914270728,3,2,3,4,7.0,6,1.8333333333333333,6,4,true,false,true,false,false,true,true,false,true,true,true,true,false,false,false,false,true,false,true,graph-54,6,2,1,8,1,6
7,7,7,7,4,8,4,14,7,2,7,4,18,1,3,2,6,9,7,0.1428571428571428,0.0941395135015612,3,2,4,5,8.5,7,1.8571428571428568,7,5,true,false,true,false,false,true,true,false,true,true,true,true,false,false,false,false,true,false,true,graph-55,8,3,1,10,1,7
1,2,1,3,2,2,1,4,1,2,1,1,6,1,3,2,3,3,1,0.5,1.0000000000000002,1,1,1,2,3.0,3,1.5,3,1,true,false,true,false,false,true,true,false,true,true,true,true,false,false,false,false,true,false,true,graph-56,2,1,1,3,1,3
2,3,3,5,3,4,2,7,2,2,2,2,10,1,3,2,4,5,2,0.2857142857142857,0.2679491924311238,1,3,2,3,4.5,4,1.7142857142857142,4,2,true,false,true,false,false,true,true,false,true,true,true,true,false,false,false,false,true,false,true,graph-57,4,2,1,5,1,5
3,4,4,10,7,4,2,13,3,2,3,3,12,1,4,2,7,10,3,0.1538461538461538,0.2087121525220799,1,4,3,4,8.5,9,1.8461538461538465,9,3,true,false,true,false,false,true,true,false,true,false,true,true,false,false,false,false,true,false,false,graph-58,6,3,3,10,4,10
2,2,2,4,3,3,2,6,2,2,2,1,8,1,4,2,4,4,2,0.3333333333333333,0.4858630706647122,1,1,2,2,4.5,4,1.6666666666666667,4,1,true,false,true,false,false,true,true,false,true,true,true,true,false,false,false,false,true,false,false,graph-59,2,1,1,5,2,4
3,3,3,3,2,4,2,6,3,2,3,2,10,1,3,2,3,4,3,0.3333333333333333,0.3819660112501071,2,1,2,3,4.0,3,1.6666666666666667,3,1,true,false,true,false,false,true,true,false,true,true,true,true,false,false,false,false,true,false,true,graph-60,4,1,1,4,1,3
2,4,4,5,3,5,3,8,2,2,3,2,12,1,3,2,4,5,3,0.25,0.1863934973516693,1,2,2,3,5.0,4,1.75,4,2,true,false,true,false,false,true,true,false,true,true,true,true,false,false,false,false,true,false,true,graph-61,4,2,1,6,1,5
2,4,4,7,5,5,3,10,2,2,3,2,12,1,4,2,6,7,3,0.2,0.1442274933640114,1,2,2,3,7.0,6,1.8,6,2,true,false,true,false,false,true,true,false,true,true,true,true,false,false,false,false,true,false,false,graph-62,4,2,2,8,3,7
2,4,4,9,7,5,3,12,2,2,3,2,12,1,5,2,8,9,3,0.1666666666666666,0.1179794551429318,1,2,2,3,9.0,8,1.8333333333333333,8,2,true,false,true,false,false,true,true,false,true,true,true,true,false,false,false,false,true,false,false,graph-63,4,2,2,10,5,9
2,4,4,11,9,5,3,14,2,2,3,2,12,1,6,2,10,11,3,0.1428571428571428,0.0999474527999931,1,2,2,3,11.0,10,1.8571428571428568,10,2,true,false,true,false,false,true,true,false,true,true,true,true,false,false,false,false,true,false,false,graph-64,4,2,2,12,7,11
3,6,6,5,2,6,3,9,3,2,4,3,16,1,3,2,4,5,4,0.2222222222222222,0.1980622641951671,1,2,3,4,5.5,3,1.7777777777777777,3,1,true,false,true,false,false,true,true,false,true,false,true,true,false,false,false,false,true,false,true,graph-65,6,1,1,6,1,3
3,6,6,8,4,6,3,12,3,2,4,3,16,1,3,2,5,8,4,0.1666666666666666,0.1391941468882991,1,3,3,4,7.0,6,1.8333333333333333,6,4,true,false,true,false,false,true,true,false,true,false,true,true,false,false,false,false,true,false,true,graph-66,6,3,1,8,1,7
4,8,8,6,2,7,4,12,4,2,6,4,18,1,3,2,5,7,6,0.1666666666666666,0.1419561747655485,1,2,4,5,7.0,4,1.8333333333333333,4,2,true,false,true,false,false,true,true,false,true,false,true,true,false,false,false,false,true,false,true,graph-67,8,2,1,8,1,4
2,2,2,3,2,3,2,5,2,2,2,1,8,1,3,2,3,3,2,0.4,0.5188056959079868,1,1,2,2,3.5,3,1.6,3,1,true,false,true,false,false,true,true,false,true,true,true,true,false,false,false,false,true,false,true,graph-68,2,1,1,4,1,3
1,2,1,2,1,2,1,3,1,2,1,1,4,1,2,2,2,2,1,0.6666666666666666,0.9999999999999998,1,1,1,2,2.0,2,1.3333333333333333,2,1,true,false,true,false,false,true,true,true,true,true,true,true,false,false,false,true,true,false,true,graph-69,2,1,1,2,1,2
2,2,2,2,1,3,2,4,2,2,2,1,6,1,2,2,2,2,2,0.5,0.5857864376269049,1,1,2,2,2.5,2,1.5,2,2,true,false,true,false,false,true,true,true,true,true,true,true,false,false,false,true,true,false,true,graph-70,2,1,1,3,1,2
2,3,3,3,1,4,2,5,2,2,2,2,8,1,2,2,2,3,2,0.4,0.3819660112501053,1,2,2,3,3.0,2,1.6,2,3,true,false,true,false,false,true,true,true,true,true,true,true,false,false,false,true,true,false,true,graph-71,4,1,1,3,1,2
2,4,4,3,1,5,3,6,2,2,3,2,10,1,2,2,3,3,3,0.3333333333333333,0.2679491924311231,1,1,2,3,3.5,2,1.6666666666666667,2,4,true,false,true,false,false,true,true,true,true,true,true,true,false,false,false,true,true,false,true,graph-72,4,1,1,4,1,2
3,4,5,4,1,6,3,7,3,2,3,2,12,1,2,2,3,4,3,0.2857142857142857,0.1980622641951619,1,2,3,4,4.0,2,1.7142857142857142,2,5,true,false,true,false,false,true,true,true,true,true,true,true,false,false,false,true,true,false,true,graph-73,4,1,1,4,1,2
3,4,6,4,1,7,4,8,3,2,4,3,14,1,2,2,3,4,4,0.25,0.1522409349774265,1,2,3,4,4.5,2,1.75,2,6,true,false,true,false,false,true,true,true,true,true,true,true,false,false,false,true,true,false,true,graph-74,4,1,1,5,1,2
3,5,7,5,1,8,4,9,3,2,4,3,16,1,2,2,4,5,4,0.2222222222222222,0.1206147584281834,1,2,3,5,5.0,2,1.7777777777777777,2,7,true,false,true,false,false,true,true,true,true,true,true,true,false,false,false,true,true,false,true,graph-75,6,1,1,5,1,2
4,6,8,5,1,9,5,10,4,2,5,3,18,1,2,2,4,5,5,0.2,0.0978869674096931,1,2,4,5,5.5,2,1.8,2,8,true,false,true,false,false,true,true,true,true,true,true,true,false,false,false,true,true,false,true,graph-76,6,1,1,6,1,2
4,6,9,6,1,10,5,11,4,2,5,4,20,1,2,2,4,6,5,0.1818181818181818,0.0810140527710058,1,2,4,6,6.0,2,1.818181818181818,2,9,true,false,true,false,false,true,true,true,true,true,true,true,false,false,false,true,true,false,true,graph-77,6,1,1,6,1,2
4,6,10,6,1,11,6,12,4,2,6,4,22,1,2,2,5,6,6,0.1666666666666666,0.0681483474218637,1,2,4,6,6.5,2,1.8333333333333333,2,10,true,false,true,false,false,true,true,true,true,true,true,true,false,false,false,true,true,false,true,graph-78,6,1,1,7,1,2
5,7,11,7,1,12,6,13,5,2,6,4,24,1,2,2,5,7,6,0.1538461538461538,0.0581163651478966,1,2,5,7,7.0,2,1.8461538461538465,2,11,true,false,true,false,false,true,true,true,true,true,true,true,false,false,false,true,true,false,true,graph-79,8,1,1,7,1,2
5,8,12,7,1,13,7,14,5,2,7,5,26,1,2,2,5,7,7,0.1428571428571428,0.0501441756363529,1,2,5,7,7.5,2,1.8571428571428568,2,12,true,false,true,false,false,true,true,true,true,true,true,true,false,false,false,true,true,false,true,graph-80,8,1,1,8,1,2
1,2,1,4,3,2,1,5,1,2,1,1,6,1,4,2,4,4,1,0.4,0.9999999999999992,1,1,1,2,4.0,4,1.6,4,1,true,false,true,false,false,true,true,false,true,true,true,true,false,false,false,false,true,false,false,graph-81,2,1,1,4,2,4
1,2,1,5,4,2,1,6,1,2,1,1,6,1,5,2,5,5,1,0.3333333333333333,1.0000000000000004,1,1,1,2,5.0,5,1.6666666666666667,5,1,true,false,true,false,false,true,true,false,true,true,true,true,false,false,false,false,true,false,false,graph-82,2,1,1,5,3,5
1,2,1,6,5,2,1,7,1,2,1,1,6,1,6,2,6,6,1,0.2857142857142857,1.0000000000000004,1,1,1,2,6.0,6,1.7142857142857142,6,1,true,false,true,false,false,true,true,false,true,true,true,true,false,false,false,false,true,false,false,graph-83,2,1,1,6,4,6
1,2,1,7,6,2,1,8,1,2,1,1,6,1,7,2,7,7,1,0.25,1.0000000000000004,1,1,1,2,7.0,7,1.75,7,1,true,false,true,false,false,true,true,false,true,true,true,true,false,false,false,false,true,false,false,graph-84,2,1,1,7,5,7
1,2,1,8,7,2,1,9,1,2,1,1,6,1,8,2,8,8,1,0.2222222222222222,1.0000000000000002,1,1,1,2,8.0,8,1.7777777777777777,8,1,true,false,true,false,false,true,true,false,true,true,true,true,false,false,false,false,true,false,false,graph-85,2,1,1,8,6,8
1,2,1,9,8,2,1,10,1,2,1,1,6,1,9,2,9,9,1,0.2,1.0,1,1,1,2,9.0,9,1.8,9,1,true,false,true,false,false,true,true,false,true,true,true,true,false,false,false,false,true,false,false,graph-86,2,1,1,9,7,9
1,2,1,10,9,2,1,11,1,2,1,1,6,1,10,2,10,10,1,0.1818181818181818,1.0000000000000002,1,1,1,2,10.0,10,1.818181818181818,10,1,true,false,true,false,false,true,true,false,true,true,true,true,false,false,false,false,true,false,false,graph-87,2,1,1,10,8,10
1,2,1,11,10,2,1,12,1,2,1,1,6,1,11,2,11,11,1,0.1666666666666666,1.0000000000000002,1,1,1,2,11.0,11,1.8333333333333333,11,1,true,false,true,false,false,true,true,false,true,true,true,true,false,false,false,false,true,false,false,graph-88,2,1,1,11,9,11
1,2,1,12,11,2,1,13,1,2,1,1,6,1,12,2,12,12,1,0.1538461538461538,1.0,1,1,1,2,12.0,12,1.8461538461538465,12,1,true,false,true,false,false,true,true,false,true,true,true,true,false,false,false,false,true,false,false,graph-89,2,1,1,12,10,12
1,2,1,13,12,2,1,14,1,2,1,1,6,1,13,2,13,13,1,0.1428571428571428,1.000000000000001,1,1,1,2,13.0,13,1.8571428571428568,13,1,true,false,true,false,false,true,true,false,true,true,true,true,false,false,false,false,true,false,false,graph-90,2,1,1,13,11,13
2,3,3,4,2,4,2,6,2,2,2,2,10,1,3,2,3,4,2,0.3333333333333333,0.324869129433356,1,2,2,3,4.0,3,1.6666666666666667,3,1,true,false,true,false,false,true,true,false,true,true,true,true,false,false,false,false,true,false,true,graph-91,4,1,1,4,1,3
2,2,2,5,4,3,2,7,2,2,2,1,8,1,5,2,5,5,2,0.2857142857142857,0.4659298032772713,1,1,2,2,5.5,5,1.7142857142857142,5,1,true,false,true,false,false,true,true,false,true,true,true,true,false,false,false,false,true,false,false,graph-92,2,1,1,6,3,5
3,3,3,4,2,4,2,7,3,2,3,2,10,1,3,2,4,5,3,0.2857142857142857,0.3217196499578096,2,1,2,3,4.5,4,1.7142857142857142,4,2,true,false,true,false,false,true,true,false,true,true,true,true,false,false,false,false,true,false,true,graph-93,4,2,1,5,1,4
2,2,2,5,3,3,2,7,3,2,2,1,8,1,4,2,5,5,2,0.2857142857142857,0.3983208681168469,1,1,2,2,5.0,5,1.7142857142857142,5,1,true,false,true,false,false,true,true,false,true,true,true,true,false,false,false,false,true,false,false,graph-94,2,2,1,5,2,5
2,3,3,5,3,4,2,7,2,2,2,2,10,1,4,2,4,5,2,0.2857142857142857,0.2955321857406885,1,2,2,3,5.0,4,1.7142857142857142,4,1,true,false,true,false,false,true,true,false,true,true,true,true,false,false,false,false,true,false,false,graph-95,4,1,1,5,2,4
3,3,3,4,3,4,2,7,3,2,3,2,10,1,4,2,4,5,3,0.2857142857142857,0.3819660112501093,2,1,2,3,5.0,4,1.7142857142857142,4,1,true,false,true,false,false,true,true,false,true,true,true,true,false,false,false,false,true,false,false,graph-96,4,1,1,5,2,4
3,4,4,4,2,5,3,7,3,2,3,2,12,1,3,2,3,4,3,0.2857142857142857,0.2603226902583548,2,2,2,3,4.5,3,1.7142857142857142,3,1,true,false,true,false,false,true,true,false,true,true,true,true,false,false,false,false,true,false,true,graph-97,4,1,1,5,1,3
3,4,4,4,2,4,2,7,3,2,3,3,12,1,3,2,3,4,3,0.2857142857142857,0.3819660112501053,2,2,2,3,4.5,3,1.7142857142857142,3,1,true,false,true,false,false,true,true,false,true,false,true,true,false,false,false,false,true,false,true,graph-98,6,1,1,4,1,3
2,4,4,4,2,5,3,7,2,2,3,2,12,1,3,2,3,4,3,0.2857142857142857,0.2253771004955107,1,2,2,3,4.5,3,1.7142857142857142,3,1,true,false,true,false,false,true,true,false,true,true,true,true,false,false,false,false,true,false,true,graph-99,4,1,1,5,1,3
3,4,5,5,2,6,3,8,3,2,3,2,14,1,3,2,4,5,3,0.25,0.1667170082377569,1,2,3,4,5.0,3,1.75,3,1,true,false,true,false,false,true,true,false,true,true,true,true,false,false,false,false,true,false,true,graph-100,4,1,1,5,1,3
3,4,5,4,2,6,3,8,3,2,4,2,14,1,3,2,4,5,4,0.25,0.1863934973516696,1,1,3,4,5.0,3,1.75,3,1,true,false,true,false,false,true,true,false,true,true,true,true,false,false,false,false,true,false,true,graph-101,4,1,1,5,1,3
2,4,4,5,3,5,3,8,2,2,3,2,12,1,4,2,4,5,3,0.25,0.2022566723043953,1,2,2,3,5.5,4,1.75,4,1,true,false,true,false,false,true,true,false,true,true,true,true,false,false,false,false,true,false,false,graph-102,4,1,1,6,2,4
3,5,5,5,2,6,3,8,3,2,3,3,14,1,3,2,4,5,3,0.25,0.1980622641951626,1,2,3,4,5.0,3,1.75,3,1,true,false,true,false,false,true,true,false,true,true,true,true,false,false,false,false,true,false,true,graph-103,6,1,1,5,1,3
3,4,4,5,2,5,3,8,3,2,3,2,12,1,3,2,4,5,3,0.25,0.2242871442637861,2,2,2,3,5.0,4,1.75,4,2,true,false,true,false,false,true,true,false,true,true,true,true,false,false,false,false,true,false,true,graph-104,4,2,1,5,1,4
3,5,5,4,2,5,3,8,3,2,4,3,14,1,3,2,4,5,4,0.25,0.243401746139938,1,1,3,4,5.0,3,1.75,3,1,true,false,true,false,false,true,true,false,true,false,true,true,false,false,false,false,true,false,true,graph-105,6,1,1,5,1,3
3,4,4,5,3,5,3,8,3,2,3,2,12,1,4,2,4,5,3,0.25,0.2537868118726486,2,2,2,3,5.5,4,1.75,4,1,true,false,true,false,false,true,true,false,true,true,true,true,false,false,false,false,true,false,false,graph-106,4,1,1,6,2,4
2,3,3,6,4,4,2,8,2,2,2,2,10,1,5,2,5,6,2,0.25,0.2774068956782092,1,2,2,3,6.0,5,1.75,5,1,true,false,true,false,false,true,true,false,true,true,true,true,false,false,false,false,true,false,false,graph-107,4,1,1,6,3,5
3,4,4,5,3,5,3,8,3,2,3,2,12,1,3,2,4,5,3,0.25,0.2136822652710477,2,2,2,3,5.0,4,1.75,4,2,true,false,true,false,false,true,true,false,true,true,true,true,false,false,false,false,true,false,true,graph-108,4,2,1,6,1,5
3,3,3,5,3,4,2,8,3,2,3,2,10,1,4,2,5,6,3,0.25,0.2888014012714096,2,1,2,3,5.5,5,1.75,5,1,true,false,true,false,false,true,true,false,true,true,true,true,false,false,false,false,true,false,false,graph-109,4,2,1,6,2,5
3,4,4,5,2,4,2,8,3,2,3,3,12,1,3,2,4,5,3,0.25,0.3064747977721364,2,2,2,3,5.0,4,1.75,4,2,true,false,true,false,false,true,true,false,true,false,true,true,false,false,false,false,true,false,true,graph-110,6,2,1,5,1,4
3,3,3,5,3,4,2,8,4,2,3,2,10,1,4,2,5,6,3,0.25,0.3186693563950242,2,1,2,3,5.5,5,1.75,5,1,true,false,true,false,false,true,true,false,true,true,true,true,false,false,false,false,true,false,false,graph-111,4,2,1,6,2,5
4,4,4,4,3,4,2,8,4,2,4,3,12,1,4,2,4,5,4,0.25,0.3819660112501081,2,1,2,3,5.5,4,1.75,4,1,true,false,true,false,false,true,true,false,true,false,true,true,false,false,false,false,true,false,false,graph-112,6,1,1,5,2,4
3,3,3,5,4,4,2,8,3,2,3,2,10,1,5,2,5,6,3,0.25,0.3819660112501092,2,1,2,3,6.0,5,1.75,5,1,true,false,true,false,false,true,true,false,true,true,true,true,false,false,false,false,true,false,false,graph-113,4,1,1,6,3,5
2,2,2,6,5,3,2,8,2,2,2,1,8,1,6,2,6,6,2,0.25,0.4524933868350278,1,1,2,2,6.5,6,1.75,6,1,true,false,true,false,false,true,true,false,true,true,true,true,false,false,false,false,true,false,false,graph-114,2,1,1,7,4,6
2,3,3,6,4,4,2,8,2,2,2,2,10,1,4,2,5,6,2,0.25,0.2384428181681101,1,3,2,3,5.5,5,1.75,5,1,true,false,true,false,false,true,true,false,true,true,true,true,false,false,false,false,true,false,false,graph-115,4,2,1,6,2,6
3,3,3,5,3,4,2,8,3,2,3,2,10,1,3,2,4,5,3,0.25,0.2679491924311233,2,2,2,3,5.0,5,1.75,5,3,true,false,true,false,false,true,true,false,true,true,true,true,false,false,false,false,true,false,true,graph-116,4,2,1,6,1,5
2,2,2,6,4,3,2,8,3,2,2,1,8,1,5,2,6,6,2,0.25,0.3738019314727074,1,1,2,2,6.0,6,1.75,6,1,true,false,true,false,false,true,true,false,true,true,true,true,false,false,false,false,true,false,false,graph-117,2,2,1,6,3,6
3,4,6,5,2,7,4,9,3,2,4,3,16,1,3,2,4,5,4,0.2222222222222222,0.1288750986430582,1,2,3,4,5.5,3,1.7777777777777777,3,1,true,false,true,false,false,true,true,false,true,true,true,true,false,false,false,false,true,false,true,graph-118,4,1,1,6,1,3
4,4,6,5,2,7,4,9,4,2,4,3,16,1,3,2,4,5,4,0.2222222222222222,0.1404187872927342,2,2,3,4,5.5,3,1.7777777777777777,3,1,true,false,true,false,false,true,true,false,true,true,true,true,false,false,false,false,true,false,true,graph-119,4,1,1,6,1,3
3,4,5,6,3,6,3,9,3,2,3,2,14,1,4,2,4,6,3,0.2222222222222222,0.1487438564906918,1,2,3,4,6.0,4,1.7777777777777777,4,1,true,false,true,false,false,true,true,false,true,true,true,true,false,false,false,false,true,false,false,graph-120,4,1,1,6,2,4
3,5,6,5,2,7,4,9,3,2,4,3,16,1,3,2,4,5,4,0.2222222222222222,0.1505716523045706,1,2,3,4,5.5,3,1.7777777777777777,3,1,true,false,true,false,false,true,true,false,true,true,true,true,false,false,false,false,true,false,true,graph-121,6,1,1,6,1,3
3,4,5,5,2,6,3,9,4,2,4,2,14,1,3,2,4,6,4,0.2222222222222222,0.1626924655863354,1,2,3,4,5.5,4,1.7777777777777777,4,2,true,false,true,false,false,true,true,false,true,true,true,true,false,false,false,false,true,false,true,graph-122,4,2,1,6,1,4
4,5,6,5,2,6,3,9,4,2,4,3,16,1,3,2,4,5,4,0.2222222222222222,0.1708386118039117,2,2,3,4,5.5,3,1.7777777777777777,3,1,true,false,true,false,false,true,true,false,true,false,true,true,false,false,false,false,true,false,true,graph-123,6,1,1,5,1,3
3,4,5,5,3,6,3,9,3,2,4,2,14,1,4,2,4,6,4,0.2222222222222222,0.1774231118151931,1,2,3,4,6.0,4,1.7777777777777777,4,1,true,false,true,false,false,true,true,false,true,true,true,true,false,false,false,false,true,false,false,graph-124,4,1,1,6,2,4
2,4,4,6,4,5,3,9,2,2,3,2,12,1,5,2,5,6,3,0.2222222222222222,0.1876032115871238,1,2,2,3,6.5,5,1.7777777777777777,5,1,true,false,true,false,false,true,true,false,true,true,true,true,false,false,false,false,true,false,false,graph-125,4,1,1,7,3,5
3,5,5,6,3,6,3,9,3,2,3,3,14,1,3,2,4,6,3,0.2222222222222222,0.1657568156860797,1,3,3,4,5.5,4,1.7777777777777777,4,2,true,false,true,false,false,true,true,false,true,true,true,true,false,false,false,false,true,false,true,graph-126,6,2,1,6,1,5
4,5,5,5,2,6,3,9,4,2,4,3,14,1,3,2,4,6,4,0.2222222222222222,0.1862307231330985,2,2,3,4,5.5,4,1.7777777777777777,4,2,true,false,true,false,false,true,true,false,true,true,true,true,false,false,false,false,true,false,true,graph-127,6,2,1,6,1,4
3,4,4,6,3,5,3,9,3,2,3,2,12,1,4,2,5,6,3,0.2222222222222222,0.2022320127025797,2,2,2,3,6.0,5,1.7777777777777777,5,1,true,false,true,false,false,true,true,false,true,true,true,true,false,false,false,false,true,false,false,graph-128,4,2,1,6,2,5
3,5,5,5,2,5,3,9,3,2,4,3,14,1,3,2,4,6,4,0.2222222222222222,0.2216537182617137,1,2,3,4,5.5,4,1.7777777777777777,4,2,true,false,true,false,false,true,true,false,true,false,true,true,false,false,false,false,true,false,true,graph-129,6,2,1,6,1,4
3,5,5,6,3,6,3,9,3,2,3,3,14,1,4,2,4,6,3,0.2222222222222222,0.1980622641951633,1,2,3,4,6.0,4,1.7777777777777777,4,1,true,false,true,false,false,true,true,false,true,true,true,true,false,false,false,false,true,false,false,graph-130,6,1,1,6,2,4
3,4,4,6,3,5,3,9,4,2,3,2,12,1,4,2,5,6,3,0.2222222222222222,0.2232391988064533,2,2,2,3,6.0,5,1.7777777777777777,5,1,true,false,true,false,false,true,true,false,true,true,true,true,false,false,false,false,true,false,false,graph-131,4,2,1,6,2,5
4,5,5,5,3,5,3,9,4,2,4,3,14,1,4,2,4,6,4,0.2222222222222222,0.2397586087752973,2,2,3,4,6.0,4,1.7777777777777777,4,1,true,false,true,false,false,true,true,false,true,false,true,true,false,false,false,false,true,false,false,graph-132,6,1,1,6,2,4
3,4,4,6,4,5,3,9,3,2,3,2,12,1,5,2,5,6,3,0.2222222222222222,0.2482500976283047,2,2,2,3,6.5,5,1.7777777777777777,5,1,true,false,true,false,false,true,true,false,true,true,true,true,false,false,false,false,true,false,false,graph-133,4,1,1,7,3,5
2,3,3,7,5,4,2,9,2,2,2,2,10,1,6,2,6,7,2,0.2222222222222222,0.2650340195371902,1,2,2,3,7.0,6,1.7777777777777777,6,1,true,false,true,false,false,true,true,false,true,true,true,true,false,false,false,false,true,false,false,graph-134,4,1,1,7,4,6
3,4,5,5,3,6,3,9,3,2,4,2,14,1,3,2,4,6,4,0.2222222222222222,0.1538128796037441,1,2,3,4,5.5,4,1.7777777777777777,4,2,true,false,true,false,false,true,true,false,true,true,true,true,false,false,false,false,true,false,true,graph-135,4,2,1,6,1,5
4,4,5,5,3,6,3,9,4,2,4,2,14,1,3,2,4,6,4,0.2222222222222222,0.1729090847147985,2,2,3,4,5.5,4,1.7777777777777777,4,2,true,false,true,false,false,true,true,false,true,true,true,true,false,false,false,false,true,false,true,graph-136,4,2,1,6,1,5
3,4,4,6,4,5,3,9,3,2,3,2,12,1,4,2,5,6,3,0.2222222222222222,0.1883639410656155,2,2,2,3,6.0,5,1.7777777777777777,5,1,true,false,true,false,false,true,true,false,true,true,true,true,false,false,false,false,true,false,false,graph-137,4,2,1,7,2,6
4,4,4,5,3,5,3,9,4,2,4,2,12,1,3,2,4,6,4,0.2222222222222222,0.2117858638426074,2,2,3,3,5.5,5,1.7777777777777777,5,3,true,false,true,false,false,true,true,false,true,true,true,true,false,false,false,false,true,false,true,graph-138,4,2,1,6,1,5
4,5,5,5,2,5,3,9,4,2,4,3,14,1,3,2,4,6,4,0.2222222222222222,0.2310675272483794,2,2,3,4,5.5,4,1.7777777777777777,4,2,true,false,true,false,false,true,true,false,true,false,true,true,false,false,false,false,true,false,true,graph-139,6,2,1,6,1,4
4,4,4,5,3,5,3,9,4,2,4,2,12,1,4,2,5,6,4,0.2222222222222222,0.2427033726593456,2,1,2,3,6.0,5,1.7777777777777777,5,1,true,false,true,false,false,true,true,false,true,true,true,true,false,false,false,false,true,false,false,graph-140,4,2,1,7,2,5
3,3,3,6,4,4,2,9,3,2,3,2,10,1,5,2,6,7,3,0.2222222222222222,0.2679491924311244,2,1,2,3,6.5,6,1.7777777777777777,6,1,true,false,true,false,false,true,true,false,true,true,true,true,false,false,false,false,true,false,false,graph-141,4,2,1,7,3,6
3,5,5,5,3,5,3,9,3,2,4,3,14,1,3,2,4,6,4,0.2222222222222222,0.1952873905476172,1,2,3,4,5.5,4,1.7777777777777777,4,2,true,false,true,false,false,true,true,false,true,false,true,true,false,false,false,false,true,false,true,graph-142,6,2,1,6,1,5
3,4,4,6,3,4,2,9,3,2,3,3,12,1,4,2,5,6,3,0.2222222222222222,0.2679491924311334,2,2,2,3,6.0,5,1.7777777777777777,5,1,true,false,true,false,false,true,true,false,true,false,true,true,false,false,false,false,true,false,false,graph-143,6,2,1,6,2,5
3,4,4,6,4,5,3,9,3,2,3,2,12,1,4,2,5,6,3,0.2222222222222222,0.2042603132904035,2,2,2,3,6.0,5,1.7777777777777777,5,1,true,false,true,false,false,true,true,false,true,true,true,true,false,false,false,false,true,false,false,graph-144,4,2,1,7,2,6
3,3,3,6,4,4,2,9,4,2,3,2,10,1,4,2,6,7,3,0.2222222222222222,0.2824704277425377,2,1,2,3,6.5,6,1.7777777777777777,6,2,true,false,true,false,false,true,true,false,true,true,true,true,false,false,false,false,true,false,false,graph-145,4,2,2,7,2,6
3,4,4,6,3,4,2,9,3,2,3,3,12,1,3,2,4,6,3,0.2222222222222222,0.2679491924311281,1,3,3,3,5.5,5,1.7777777777777777,5,3,true,false,true,false,false,true,true,false,true,false,true,true,false,false,false,false,true,false,true,graph-146,6,2,1,6,1,5
4,4,4,5,3,4,2,9,4,2,4,3,12,1,4,2,5,6,4,0.2222222222222222,0.3046890895905355,2,1,2,3,6.0,5,1.7777777777777777,5,1,true,false,true,false,false,true,true,false,true,false,true,true,false,false,false,false,true,false,false,graph-147,6,2,1,6,2,5
3,3,3,6,4,4,2,9,4,2,3,2,10,1,5,2,6,7,3,0.2222222222222222,0.3157595925765153,2,1,2,3,6.5,6,1.7777777777777777,6,1,true,false,true,false,false,true,true,false,true,true,true,true,false,false,false,false,true,false,false,graph-148,4,2,1,7,3,6
4,5,5,5,3,4,2,9,4,2,4,4,12,1,4,2,4,6,4,0.2222222222222222,0.3819660112501053,2,2,3,4,6.0,4,1.7777777777777777,4,1,true,false,true,false,false,true,true,false,true,false,true,true,false,false,false,false,true,false,false,graph-149,8,1,1,5,2,4
4,4,4,5,4,4,2,9,4,2,4,3,12,1,5,2,5,6,4,0.2222222222222222,0.3819660112501096,2,1,2,3,6.5,5,1.7777777777777777,5,1,true,false,true,false,false,true,true,false,true,false,true,true,false,false,false,false,true,false,false,graph-150,6,1,1,6,3,5
3,3,3,6,5,4,2,9,3,2,3,2,10,1,6,2,6,7,3,0.2222222222222222,0.3819660112501162,2,1,2,3,7.0,6,1.7777777777777777,6,1,true,false,true,false,false,true,true,false,true,true,true,true,false,false,false,false,true,false,false,graph-151,4,1,1,7,4,6
2,2,2,7,6,3,2,9,2,2,2,1,8,1,7,2,7,7,2,0.2222222222222222,0.4427980834572297,1,1,2,2,7.5,7,1.7777777777777777,7,1,true,false,true,false,false,true,true,false,true,true,true,true,false,false,false,false,true,false,false,graph-152,2,1,1,8,5,7
2,4,4,6,4,5,3,9,2,2,3,2,12,1,4,2,5,6,3,0.2222222222222222,0.1649243645452942,1,2,2,3,6.0,5,1.7777777777777777,5,1,true,false,true,false,false,true,true,false,true,true,true,true,false,false,false,false,true,false,false,graph-153,4,2,1,7,2,6
3,4,4,6,3,5,3,9,3,2,3,2,12,1,3,2,4,6,3,0.2222222222222222,0.1830442676699573,1,3,3,3,5.5,5,1.7777777777777777,5,3,true,false,true,false,false,true,true,false,true,true,true,true,false,false,false,false,true,false,true,graph-154,4,2,1,6,1,5
2,3,3,7,5,4,2,9,2,2,2,2,10,1,5,2,6,7,2,0.2222222222222222,0.220128855553545,1,3,2,3,6.5,6,1.7777777777777777,6,1,true,false,true,false,false,true,true,false,true,true,true,true,false,false,false,false,true,false,false,graph-155,4,2,1,7,3,7
3,3,3,6,4,4,2,9,3,2,3,2,10,1,4,2,5,6,3,0.2222222222222222,0.2377311970074198,2,2,2,3,6.0,6,1.7777777777777777,6,1,true,false,true,false,false,true,true,false,true,true,true,true,false,false,false,false,true,false,false,graph-156,4,2,1,7,2,6
3,3,3,6,3,4,2,9,4,2,3,2,10,1,4,2,5,6,3,0.2222222222222222,0.2679491924311244,2,2,2,3,6.0,6,1.7777777777777777,6,1,true,false,true,false,false,true,true,false,true,true,true,true,false,false,false,false,true,false,false,graph-157,4,3,1,6,2,6
2,2,2,7,5,3,2,9,3,2,2,1,8,1,6,2,7,7,2,0.2222222222222222,0.3571597874887272,1,1,2,2,7.0,7,1.7777777777777777,7,1,true,false,true,false,false,true,true,false,true,true,true,true,false,false,false,false,true,false,false,graph-158,2,2,1,7,4,7
2,3,3,7,5,4,2,9,2,2,2,2,10,1,4,2,6,7,2,0.2222222222222222,0.2087121525220803,1,4,2,3,6.5,6,1.7777777777777777,6,2,true,false,true,false,false,true,true,false,true,true,true,true,false,false,false,false,true,false,false,graph-159,4,2,2,7,3,7
2,2,2,7,5,3,2,9,4,2,2,1,8,1,5,2,7,7,2,0.2222222222222222,0.3271762989990531,1,1,2,2,7.0,7,1.7777777777777777,7,1,true,false,true,false,false,true,true,false,true,true,true,true,false,false,false,false,true,false,false,graph-160,2,2,2,7,3,7
3,4,6,4,1,7,4,8,3,2,4,3,14,1,2,2,3,4,4,0.25,0.1522409349774265,1,2,3,4,4.5,2,1.75,2,6,true,false,true,false,false,true,true,true,true,true,true,true,false,false,false,true,true,false,true,graph-161,4,1,1,5,1,2
3,4,4,4,5,2,2,10,3,3,5,3,6,3,3,2,3,5,6,0.3333333333333333,2.0,1,2,3,4,4.0,0,3.0,10,10,false,false,false,true,true,true,true,false,false,false,false,false,true,true,true,false,true,false,true,graph-162,6,2,1,4,2,5
4,6,6,7,5,5,3,14,4,2,7,5,10,2,3,2,4,7,7,0.2197802197802197,0.8225903191007153,1,3,4,5,5.5,0,2.857142857142857,2,12,true,false,false,false,false,true,true,false,false,false,false,false,true,false,false,false,true,false,true,graph-163,6,2,1,7,1,5
5,6,6,5,6,3,3,14,5,3,7,5,9,3,3,2,4,7,9,0.2307692307692307,1.2891707711757334,2,2,4,5,5.5,0,3.0,14,14,false,false,false,true,true,true,true,false,false,false,false,false,true,false,false,false,true,false,true,graph-164,6,2,1,7,2,6
1,2,1,2,3,2,1,5,1,4,2,2,4,3,4,4,2,2,3,0.9,3.0000000000000018,1,1,1,2,2.0,0,3.6,2,3,false,false,true,false,false,true,false,true,false,true,false,true,true,false,false,true,true,false,false,graph-165,2,1,1,2,2,3
2,2,2,6,5,2,2,11,2,4,5,3,6,3,8,4,5,7,5,0.4909090909090909,2.208712152522087,1,3,2,2,5.5,0,4.909090909090909,6,3,false,false,true,false,false,true,false,false,false,false,false,true,true,false,false,false,false,false,false,graph-166,2,1,1,3,3,5
2,4,4,3,6,3,3,12,2,4,6,5,6,5,5,3,2,6,9,0.4545454545454545,2.763932022500211,1,2,2,3,3.0,0,5.0,12,12,false,false,true,true,false,true,false,true,false,false,false,false,true,true,false,false,false,false,false,graph-167,4,2,1,4,4,6
2,3,3,8,6,3,2,14,2,4,6,3,7,3,8,4,4,9,6,0.3846153846153846,2.149715098413401,1,5,2,2,6.0,0,5.0,8,4,false,false,true,false,false,true,false,false,false,false,false,false,true,false,false,false,false,false,false,graph-168,4,2,1,4,3,6
2,4,4,6,6,3,3,14,2,3,7,4,7,4,6,3,3,8,8,0.3956043956043956,2.4384471871911706,1,4,2,3,4.0,0,5.142857142857143,6,8,false,true,true,false,false,true,false,false,false,false,false,false,true,false,false,false,false,false,false,graph-169,4,1,1,4,4,6
1,2,1,2,3,2,1,5,1,4,2,2,4,3,4,4,2,2,3,0.9,3.0000000000000018,1,1,1,2,2.0,0,3.6,2,3,false,false,true,false,false,true,false,true,false,true,false,true,true,false,false,true,true,false,false,graph-170,2,1,1,2,2,3
1,2,1,3,3,2,1,7,1,4,3,2,6,3,6,4,2,4,4,0.7142857142857143,2.381966011250108,1,2,1,2,3.0,0,4.285714285714286,2,2,false,false,true,false,false,true,false,false,false,true,false,true,true,false,false,true,true,false,false,graph-171,2,1,1,2,2,3
1,2,1,3,4,2,1,7,1,4,3,2,6,3,6,4,3,4,4,0.7142857142857143,2.697224362268007,1,1,1,2,3.0,0,4.285714285714286,3,1,false,false,true,false,false,true,false,false,false,false,false,true,true,false,false,false,false,false,false,graph-172,2,1,1,3,2,4
1,2,1,2,3,2,1,7,1,4,3,3,5,3,6,4,2,4,5,0.7142857142857143,2.1863934973516703,1,1,1,2,3.0,0,4.285714285714286,2,1,false,false,true,false,false,true,false,true,false,true,false,true,true,false,false,false,true,false,false,graph-173,2,1,1,3,2,3
2,2,2,2,4,2,2,7,2,4,3,3,5,4,5,3,2,3,5,0.7142857142857143,3.3819660112501078,1,1,2,2,2.5,0,4.285714285714286,5,2,false,false,true,false,false,true,false,true,false,true,false,false,true,false,false,true,true,false,false,graph-174,2,1,1,2,3,4
2,2,2,2,4,2,2,7,2,4,3,3,5,3,5,4,2,4,5,0.7142857142857143,2.5857864376269064,1,1,2,2,2.5,0,4.285714285714286,1,3,false,false,true,false,false,true,false,true,false,true,false,false,true,false,false,false,true,false,false,graph-175,2,1,1,3,2,4
1,2,1,2,3,2,1,6,1,4,3,2,5,3,5,4,2,3,4,0.8,2.585786437626907,1,1,1,2,2.5,0,4.0,2,2,false,false,true,false,false,true,false,true,false,true,false,true,true,false,false,false,true,false,false,graph-176,2,1,1,2,2,3
2,2,2,2,4,2,2,6,2,3,3,2,4,4,4,3,2,3,4,0.8,4.000000000000002,1,1,2,2,2.0,0,4.0,6,6,false,true,true,true,false,true,false,true,false,true,false,false,true,true,true,false,true,false,false,graph-177,2,1,1,2,3,4
1,2,1,3,4,2,1,7,1,4,3,2,6,3,6,4,3,4,4,0.7142857142857143,2.697224362268005,1,1,1,2,3.0,0,4.285714285714286,3,1,false,false,true,false,false,true,false,false,false,false,false,true,true,false,false,false,false,false,false,graph-178,2,1,1,3,2,4
2,2,2,2,4,2,2,7,2,4,3,3,5,4,5,3,2,3,5,0.7142857142857143,3.3819660112501087,1,1,2,2,2.5,0,4.285714285714286,5,2,false,false,true,false,false,true,false,true,false,true,false,false,true,false,false,true,true,false,false,graph-179,2,1,1,2,3,4
1,2,1,2,3,2,1,7,1,4,3,3,5,3,6,4,2,4,5,0.7142857142857143,2.1863934973516708,1,1,1,2,3.0,0,4.285714285714286,2,1,false,false,true,false,false,true,false,true,false,true,false,true,true,false,false,false,true,false,false,graph-180,2,1,1,3,2,3
2,2,2,2,4,2,2,7,2,4,3,3,5,3,5,4,2,4,5,0.7142857142857143,2.5857864376269064,1,1,2,2,2.5,0,4.285714285714286,1,3,false,false,true,false,false,true,false,true,false,true,false,false,true,false,false,false,true,false,false,graph-181,2,1,1,3,2,4
2,2,2,2,4,2,2,7,2,4,3,3,5,4,5,3,2,3,5,0.7142857142857143,3.381966011250108,1,1,2,2,2.5,0,4.285714285714286,5,2,false,false,true,false,false,true,false,true,false,true,false,false,true,false,false,true,true,false,false,graph-182,2,1,1,2,3,4
2,3,3,3,5,2,2,9,2,4,4,3,6,4,5,3,2,4,6,0.5833333333333334,3.0000000000000018,1,3,2,2,2.5,0,4.666666666666667,3,6,false,false,true,false,false,true,false,true,false,false,false,false,true,false,false,false,false,false,false,graph-183,4,1,1,3,3,5
1,2,1,2,3,2,1,6,1,4,3,2,5,3,5,3,2,3,4,0.6666666666666666,2.381966011250106,1,1,1,2,2.5,0,3.333333333333333,5,1,false,false,true,false,false,true,false,true,false,true,false,false,true,false,false,false,true,false,false,graph-184,2,1,1,3,2,3
1,2,1,3,2,2,1,7,1,3,3,2,6,2,6,3,3,4,4,0.5238095238095238,1.2679491924311264,1,1,1,2,3.5,0,3.142857142857143,2,1,false,false,true,false,false,true,false,false,false,true,false,true,true,false,false,false,true,false,false,graph-185,2,1,1,3,1,2
3,4,4,4,4,4,3,10,3,3,5,4,9,3,3,3,3,5,6,0.3333333333333333,0.5618771113072596,1,2,3,4,4.0,0,3.0,10,10,false,false,true,true,true,true,false,false,false,false,false,false,true,false,false,false,false,false,true,graph-186,4,2,1,5,2,4
4,4,6,5,4,3,3,12,4,3,6,4,8,3,3,2,3,6,7,0.2727272727272727,1.000000000000001,2,3,3,4,4.5,0,3.0,12,12,false,false,true,true,true,true,true,false,false,false,false,false,true,false,false,false,true,false,true,graph-187,4,2,1,6,2,4
4,4,5,5,4,3,3,12,4,3,6,4,8,3,3,2,3,6,7,0.2727272727272727,1.0000000000000009,2,3,3,4,4.5,0,3.0,12,12,false,false,false,true,true,true,true,false,false,false,false,false,true,false,false,false,true,false,true,graph-188,4,2,1,6,2,4
4,5,5,5,4,3,3,12,4,3,6,4,8,3,3,2,3,6,7,0.2727272727272727,1.0346858781266044,2,3,3,4,4.5,0,3.0,12,12,false,false,false,true,true,true,true,false,false,false,false,false,true,false,false,false,true,false,true,graph-189,6,2,1,6,2,4
4,5,5,5,5,3,3,12,4,3,6,4,8,3,3,2,3,6,7,0.2727272727272727,1.2679491924311244,2,3,3,4,4.5,0,3.0,12,12,false,false,false,true,true,true,true,false,false,false,false,false,true,false,false,false,true,false,true,graph-190,6,2,1,6,2,5
3,5,5,5,5,3,3,12,3,3,6,4,9,3,3,2,3,6,7,0.2727272727272727,1.1836194671912703,1,3,3,4,4.5,0,3.0,12,12,false,false,false,true,true,true,true,false,false,false,false,false,true,false,false,false,true,false,true,graph-191,6,2,1,5,2,5
4,4,5,5,5,3,3,12,4,3,6,4,8,3,3,2,3,6,7,0.2727272727272727,1.1863934973516712,2,3,3,4,4.5,0,3.0,12,12,false,false,false,true,true,true,true,false,false,false,false,false,true,false,false,false,true,false,true,graph-192,4,2,1,5,2,5
4,5,5,5,5,3,3,12,4,3,6,4,8,3,3,2,3,6,7,0.2727272727272727,1.267949192431124,2,3,3,4,4.5,0,3.0,12,12,false,false,false,true,true,true,true,false,false,false,false,false,true,false,false,false,true,false,true,graph-193,6,2,1,5,2,5
4,4,5,5,5,3,3,12,4,3,6,4,8,3,3,2,3,6,7,0.2727272727272727,1.4384471871911728,2,3,3,4,4.5,0,3.0,12,12,false,false,false,true,true,true,true,false,false,false,false,false,true,false,false,false,true,false,true,graph-194,4,2,1,6,2,5
3,4,5,5,4,3,3,12,3,3,6,5,9,3,3,2,3,6,7,0.2727272727272727,1.0000000000000009,1,3,3,4,4.5,0,3.0,12,12,false,false,false,true,true,true,true,false,false,false,false,false,true,false,false,false,true,false,true,graph-195,4,2,1,6,2,4
4,4,6,6,4,4,3,12,4,2,6,4,8,3,3,2,3,6,6,0.2727272727272727,1.0000000000000016,2,3,3,4,4.5,0,3.0,12,12,true,false,false,true,true,true,true,false,false,false,false,false,true,false,false,false,true,false,true,graph-196,4,2,1,6,2,4
3,4,5,4,4,3,3,10,3,3,5,3,8,3,3,3,3,5,6,0.3333333333333333,0.5857864376269054,1,2,3,4,4.0,0,3.0,10,10,false,false,true,true,true,true,false,true,false,false,false,false,true,false,false,false,false,false,true,graph-197,4,2,1,4,2,4
4,6,6,6,5,3,3,12,4,2,6,4,8,3,3,2,3,6,6,0.2727272727272727,1.2679491924311233,2,3,3,4,4.5,0,3.0,12,12,true,false,false,true,true,true,true,false,false,false,false,false,true,false,false,false,true,false,true,graph-198,6,2,1,6,2,5
3,4,5,5,4,3,3,12,3,3,6,5,9,3,3,2,3,6,7,0.2727272727272727,1.0,1,3,3,4,4.5,0,3.0,12,12,false,false,false,true,true,true,true,false,false,false,false,false,true,false,false,false,true,false,true,graph-199,4,2,1,6,2,4
3,5,5,5,5,3,3,12,3,3,6,4,9,3,3,2,3,6,7,0.2727272727272727,1.467911113762046,1,3,3,4,4.5,0,3.0,12,12,false,false,false,true,true,true,true,false,false,false,false,false,true,false,false,false,true,false,true,graph-200,6,2,1,5,2,5
3,4,5,4,5,3,3,10,3,3,5,4,8,3,3,3,3,5,6,0.3333333333333333,0.5857864376269053,1,2,3,4,4.0,0,3.0,10,10,false,false,false,true,true,true,false,false,false,false,false,false,true,false,false,false,true,false,true,graph-201,4,2,1,5,2,5
3,4,4,4,4,4,2,10,3,3,5,3,9,3,3,3,3,5,6,0.3333333333333333,0.4384471871911699,1,2,3,4,4.0,0,3.0,10,10,false,false,true,true,true,true,false,false,false,false,false,false,true,false,false,false,true,false,true,graph-202,4,2,1,4,2,5
3,4,4,4,3,3,3,10,3,3,5,3,8,3,3,3,3,5,6,0.3333333333333333,0.8533505224209765,1,2,3,4,4.0,0,3.0,10,10,false,false,true,true,true,true,false,false,false,false,false,false,true,false,false,false,false,false,true,graph-203,4,1,1,4,2,3
3,4,4,4,4,3,2,10,3,3,5,3,7,3,3,3,3,5,6,0.3333333333333333,1.0,1,2,3,4,4.0,0,3.0,10,10,false,false,false,true,true,true,false,false,false,false,false,false,true,false,false,false,false,false,true,graph-204,4,2,1,4,2,4
3,4,4,4,4,3,2,10,3,3,5,4,8,3,3,3,3,5,6,0.3333333333333333,1.120614758428184,1,2,3,4,4.0,0,3.0,10,10,false,false,false,true,true,true,false,false,false,false,false,false,true,false,false,false,false,false,true,graph-205,4,2,1,5,2,4
3,4,4,4,4,3,3,10,3,3,5,4,8,3,3,3,3,5,6,0.3333333333333333,0.9223487300524532,1,2,3,4,4.0,0,3.0,10,10,false,false,false,true,true,true,false,false,false,false,false,false,true,false,false,false,false,false,true,graph-206,4,2,1,5,2,4
3,4,5,4,4,3,3,10,3,3,5,4,7,3,3,3,3,5,6,0.3333333333333333,1.0967880740884477,1,2,3,4,4.0,0,3.0,10,10,false,false,true,true,true,true,false,false,false,false,false,false,true,false,false,false,false,false,true,graph-207,4,2,1,5,2,4
3,4,4,4,3,3,3,10,3,3,5,4,8,3,3,3,3,5,6,0.3333333333333333,0.8850924585232449,1,2,3,4,4.0,0,3.0,10,10,false,false,true,true,true,true,false,false,false,false,false,false,true,false,false,false,false,false,true,graph-208,4,1,1,5,2,3
2,2,2,2,3,2,2,6,2,3,3,2,5,3,3,3,2,3,4,0.6,2.0,1,1,2,2,2.5,0,3.0,6,6,false,false,true,true,true,true,false,true,false,true,false,false,true,false,false,false,true,false,true,graph-209,2,1,1,3,2,3
3,4,4,4,4,3,2,10,3,3,5,3,7,3,3,3,3,5,6,0.3333333333333333,1.1206147584281834,1,2,3,4,4.0,0,3.0,10,10,false,false,true,true,true,true,false,false,false,false,false,false,true,false,false,false,false,false,true,graph-210,4,2,1,4,2,4
3,4,4,4,4,3,3,10,3,3,5,4,8,3,3,3,3,5,6,0.3333333333333333,1.0645676680299712,1,2,3,4,4.0,0,3.0,10,10,false,false,false,true,true,true,false,false,false,false,false,false,true,false,false,false,false,false,true,graph-211,4,2,1,5,2,4
3,4,4,5,5,3,3,10,3,2,5,3,8,3,3,2,3,5,5,0.3333333333333333,1.0000000000000002,1,3,3,4,4.0,0,3.0,10,10,true,false,false,true,true,true,true,false,false,false,false,false,true,false,false,false,true,false,true,graph-212,4,2,1,4,2,5
3,4,4,4,4,3,2,10,3,3,5,3,7,3,3,2,3,5,6,0.3333333333333333,1.4384471871911702,1,2,3,4,4.0,0,3.0,10,10,false,false,false,true,true,true,true,false,false,false,false,false,true,false,false,false,true,false,true,graph-213,4,2,1,4,2,4
3,4,4,4,4,3,3,10,3,3,5,4,7,3,3,2,3,5,6,0.3333333333333333,1.3819660112501069,1,2,3,4,4.0,0,3.0,10,10,false,false,false,true,true,true,true,false,false,false,false,false,true,false,false,false,true,false,true,graph-214,4,2,1,5,2,4
3,4,4,5,4,3,3,10,3,2,5,4,8,3,3,2,3,5,5,0.3333333333333333,1.381966011250106,1,3,3,4,4.0,0,3.0,10,10,true,false,false,true,true,true,true,false,false,false,false,false,true,false,false,false,true,false,true,graph-215,4,2,1,5,2,4
3,4,5,4,4,3,3,10,4,3,5,4,7,3,3,2,3,5,6,0.3333333333333333,1.3819660112501058,1,2,3,4,4.0,0,3.0,10,10,false,false,true,true,true,true,true,false,false,false,false,false,true,false,false,false,true,false,true,graph-216,4,2,1,5,2,4
3,4,4,4,5,2,2,10,3,3,5,3,6,3,3,2,3,5,6,0.3333333333333333,2.0,1,2,3,4,4.0,0,3.0,10,10,false,false,false,true,true,true,true,false,false,false,false,false,true,true,true,false,true,false,true,graph-217,6,2,1,4,2,5
3,5,6,5,5,6,3,12,3,3,6,4,13,3,3,3,3,6,7,0.2727272727272727,0.1677422032549585,1,3,3,4,4.5,0,3.0,12,12,false,false,true,true,true,true,false,false,false,false,true,false,false,false,false,false,false,false,true,graph-218,6,2,1,5,2,5
4,4,5,5,5,5,3,12,4,3,6,4,12,3,3,3,3,6,7,0.2727272727272727,0.1807874212157199,2,3,3,4,4.5,0,3.0,12,12,false,false,true,true,true,true,false,false,false,false,true,false,false,false,false,false,false,false,true,graph-219,4,2,1,5,2,5
2,2,2,3,4,2,2,6,3,2,3,3,6,3,3,2,2,3,3,0.6,3.0000000000000004,1,3,2,2,2.5,0,3.0,6,6,true,false,false,true,true,true,true,false,false,true,false,false,true,true,true,false,true,false,true,graph-220,2,2,1,3,2,4
3,4,5,5,5,6,3,12,3,3,6,4,13,3,3,3,3,6,7,0.2727272727272727,0.1791538184643947,1,3,3,4,4.5,0,3.0,12,12,false,false,true,true,true,true,false,false,false,false,true,false,false,false,false,false,false,false,true,graph-221,4,2,1,5,2,5
4,4,5,5,4,5,3,12,4,3,6,4,10,3,3,3,3,6,7,0.2727272727272727,0.4112624469219706,2,3,3,4,4.5,0,3.0,12,12,false,false,true,true,true,true,false,false,false,false,false,false,true,false,false,false,false,false,true,graph-222,4,2,1,6,2,5
4,4,5,5,6,5,3,12,4,3,6,4,12,3,3,3,3,6,7,0.2727272727272727,0.1807874212157199,2,3,3,4,4.5,0,3.0,12,12,false,false,false,true,true,true,false,false,false,true,true,false,false,false,false,false,true,false,true,graph-223,4,2,1,6,2,6
3,4,5,5,5,4,3,12,3,3,6,5,10,3,3,3,3,6,7,0.2727272727272727,0.4242265273480641,1,3,3,4,4.5,0,3.0,12,12,false,false,false,true,true,true,false,false,false,false,false,false,true,false,false,false,false,false,true,graph-224,4,2,1,6,2,5
3,4,5,5,4,4,3,12,3,3,6,4,10,3,3,3,3,6,7,0.2727272727272727,0.4242265273480642,1,3,3,4,4.5,0,3.0,12,12,false,false,true,true,true,true,false,false,false,false,false,false,true,false,false,false,false,false,true,graph-225,4,2,1,5,2,4
4,4,6,6,6,4,4,12,4,2,6,5,10,3,3,2,3,6,6,0.2727272727272727,0.4384471871911699,2,3,3,4,4.5,0,3.0,12,12,true,false,false,true,true,true,true,false,false,false,false,false,true,false,false,false,true,false,true,graph-226,4,2,1,6,2,6
4,4,6,5,5,4,4,12,4,3,6,4,10,3,3,3,3,6,7,0.2727272727272727,0.4384471871911699,2,3,3,4,4.5,0,3.0,12,12,false,false,false,true,true,true,false,false,false,false,false,false,true,false,false,false,false,false,true,graph-227,4,2,1,6,2,5
4,4,6,4,4,4,4,12,4,3,6,4,9,3,3,3,3,6,8,0.2727272727272727,0.4384471871911702,2,2,3,4,4.5,0,3.0,12,12,false,false,true,true,true,true,false,true,false,false,false,false,true,false,false,false,false,false,true,graph-228,4,2,1,6,2,4
3,5,5,5,4,4,3,12,3,3,6,4,10,3,3,3,3,6,7,0.2727272727272727,0.4471187314896049,1,3,3,4,4.5,0,3.0,12,12,false,false,true,true,true,true,false,false,false,false,false,false,true,false,false,false,false,false,true,graph-229,6,2,1,6,2,4
4,5,5,5,5,4,3,12,4,3,6,4,10,3,3,3,3,6,7,0.2727272727272727,0.4528898417972833,2,3,3,4,4.5,0,3.0,12,12,false,false,false,true,true,true,false,false,false,false,false,false,true,false,false,false,true,false,true,graph-230,6,2,1,5,2,5
2,4,4,3,4,3,3,8,2,3,4,3,7,3,3,3,2,4,5,0.4285714285714285,0.7639320225002108,1,2,2,3,3.0,0,3.0,8,8,false,false,true,true,true,true,false,true,false,false,false,false,true,false,false,false,true,false,true,graph-231,4,2,1,4,2,4
4,5,5,5,4,5,3,12,4,3,6,4,11,3,3,3,3,6,7,0.2727272727272727,0.3371728113891453,2,3,3,4,4.5,0,3.0,12,12,false,false,true,true,true,true,false,false,false,false,false,false,true,false,false,false,false,false,true,graph-232,6,2,1,5,2,5
3,5,5,5,5,4,3,12,3,3,6,4,10,3,3,3,3,6,7,0.2727272727272727,0.3445576184501693,1,3,3,4,4.5,0,3.0,12,12,false,false,false,true,true,true,false,false,false,false,false,false,true,false,false,false,true,false,true,graph-233,6,2,1,6,2,5
3,5,5,4,4,4,3,12,3,3,6,4,10,3,3,3,3,6,8,0.2727272727272727,0.3445576184501691,1,2,3,4,4.5,0,3.0,12,12,false,false,true,true,true,true,false,false,false,false,false,false,true,false,false,false,false,false,true,graph-234,6,2,1,6,2,5
4,4,6,5,5,4,3,12,4,3,6,4,9,3,3,3,3,6,7,0.2727272727272727,0.480025683626636,2,3,3,4,4.5,0,3.0,12,12,false,false,false,true,true,true,false,false,false,false,false,false,true,false,false,false,false,false,true,graph-235,4,2,1,5,2,5
4,4,5,5,5,4,3,12,4,3,6,4,10,3,3,3,3,6,7,0.2727272727272727,0.4912159535298807,2,3,3,4,4.5,0,3.0,12,12,false,false,false,true,true,true,false,false,false,false,false,false,true,false,false,false,true,false,true,graph-236,4,2,1,6,2,5
3,4,6,5,4,4,3,12,3,3,6,4,9,3,3,3,3,6,7,0.2727272727272727,0.4774211437442809,1,3,3,4,4.5,0,3.0,12,12,false,false,true,true,true,true,false,false,false,false,false,false,true,false,false,false,false,false,true,graph-237,4,2,1,5,2,4
4,5,6,4,4,5,3,12,4,3,6,4,11,3,3,3,3,6,8,0.2727272727272727,0.2907246405630773,2,2,3,4,4.5,0,3.0,12,12,false,false,true,true,true,true,false,false,false,false,false,false,true,false,false,false,true,false,true,graph-238,6,2,1,6,2,5
4,5,5,5,5,4,3,12,4,3,6,4,9,3,3,3,3,6,7,0.2727272727272727,0.4858630706647091,2,3,3,4,4.5,0,3.0,12,12,false,false,false,true,true,true,false,false,false,false,false,false,true,false,false,false,true,false,true,graph-239,6,2,1,5,2,5
3,5,5,5,4,4,3,12,3,3,6,4,9,3,3,3,3,6,7,0.2727272727272727,0.4384471871911697,1,3,3,4,4.5,0,3.0,12,12,false,false,true,true,true,true,false,false,false,false,false,false,true,false,false,false,false,false,true,graph-240,6,2,1,5,2,4
4,4,6,5,5,4,4,12,4,3,6,4,10,3,3,3,3,6,7,0.2727272727272727,0.4900076023061124,2,3,3,4,4.5,0,3.0,12,12,false,false,false,true,true,true,false,false,false,false,false,false,true,false,false,false,false,false,true,graph-241,4,2,1,6,2,5
2,3,3,3,3,3,2,8,2,3,4,3,6,3,3,3,2,4,5,0.4285714285714285,1.267949192431123,1,2,2,3,3.0,0,3.0,8,8,false,false,true,true,true,true,false,false,false,false,false,false,true,false,false,false,false,false,true,graph-242,4,1,1,4,2,3
3,6,6,5,5,5,3,12,3,3,6,4,11,3,3,3,3,6,7,0.2727272727272727,0.3542486889354094,1,3,3,4,4.5,0,3.0,12,12,false,false,true,true,true,true,false,false,false,false,false,false,true,false,false,false,true,false,true,graph-243,6,2,1,6,2,6
3,5,6,5,4,4,4,12,3,3,6,4,9,3,3,3,3,6,7,0.2727272727272727,0.4858630706647094,1,3,3,4,4.5,0,3.0,12,12,false,false,true,true,true,true,false,false,false,false,false,false,true,false,false,false,false,false,true,graph-244,6,2,1,5,2,4
3,5,5,5,5,4,3,12,3,3,6,4,9,3,3,3,3,6,7,0.2727272727272727,0.4858630706647089,1,3,3,4,4.5,0,3.0,12,12,false,false,true,true,true,true,false,false,false,false,false,false,true,false,false,false,true,false,true,graph-245,6,2,1,6,2,5
3,5,6,4,5,4,3,12,3,3,6,4,9,3,3,3,3,6,8,0.2727272727272727,0.4858630706647098,1,2,3,4,4.5,0,3.0,12,12,false,false,true,true,true,true,false,false,false,false,false,false,true,false,false,false,false,false,true,graph-246,6,2,1,6,2,5
3,5,6,5,5,4,3,12,3,3,6,4,10,3,3,3,3,6,7,0.2727272727272727,0.3819660112501052,1,3,3,4,4.5,0,3.0,12,12,false,false,true,true,true,true,false,false,false,false,false,false,true,false,false,false,false,false,true,graph-247,6,2,1,5,2,5
3,5,7,4,5,4,4,12,3,3,6,4,9,3,3,3,3,6,8,0.2727272727272727,0.485863070664709,1,2,3,4,4.5,0,3.0,12,12,false,false,true,true,true,true,false,true,false,false,false,false,true,false,false,false,true,false,true,graph-248,6,3,1,6,2,6
3,4,5,5,3,4,3,12,3,3,6,4,9,3,3,3,3,6,7,0.2727272727272727,0.6570769172228307,1,3,3,4,4.5,0,3.0,12,12,false,false,true,true,true,true,false,false,false,false,false,false,true,false,false,false,false,false,true,graph-249,4,1,1,6,2,3
4,4,5,5,4,4,3,12,4,3,6,5,9,3,3,3,3,6,7,0.2727272727272727,0.6641660366218134,2,3,3,4,4.5,0,3.0,12,12,false,false,false,true,true,true,false,false,false,false,false,false,true,false,false,false,false,false,true,graph-250,4,2,1,6,2,4
3,4,5,5,3,4,3,12,3,3,6,4,9,3,3,3,3,6,7,0.2727272727272727,0.6283262579697881,1,3,3,4,4.5,0,3.0,12,12,false,false,true,true,true,true,false,false,false,false,false,false,true,false,false,false,false,false,true,graph-251,4,1,1,5,2,3
4,5,5,5,4,3,3,12,4,3,6,4,8,3,3,3,3,6,7,0.2727272727272727,0.7356506243553168,2,3,3,4,4.5,0,3.0,12,12,false,false,false,true,true,true,false,false,false,false,false,false,true,false,false,false,false,false,true,graph-252,6,2,1,5,2,4
3,3,3,3,4,2,2,8,3,3,4,3,6,3,3,3,2,4,5,0.4285714285714285,1.4384471871911708,2,2,2,3,3.0,0,3.0,8,8,false,false,false,true,true,true,false,false,false,false,false,false,true,false,false,false,false,false,true,graph-253,4,2,1,4,2,4
3,5,5,5,5,3,3,12,3,3,6,4,9,3,3,3,3,6,7,0.2727272727272727,0.7639320225002103,1,3,3,4,4.5,0,3.0,12,12,false,false,false,true,true,true,false,false,false,false,false,false,true,false,false,false,false,false,true,graph-254,6,2,1,5,2,5
3,5,5,5,4,4,3,12,3,3,6,4,9,3,3,3,3,6,7,0.2727272727272727,0.714527764724987,1,3,3,4,4.5,0,3.0,12,12,false,false,false,true,true,true,false,false,false,false,false,false,true,false,false,false,false,false,true,graph-255,6,2,1,6,2,4
4,4,5,5,4,4,3,12,4,3,6,4,10,3,3,3,3,6,7,0.2727272727272727,0.6398655736015046,2,3,3,4,4.5,0,3.0,12,12,false,false,false,true,true,true,false,false,false,false,false,false,true,false,false,false,false,false,true,graph-256,4,2,1,5,2,4
3,5,5,5,3,4,3,12,3,3,6,4,9,3,3,3,3,6,7,0.2727272727272727,0.6123315513932196,1,3,3,4,4.5,0,3.0,12,12,false,false,true,true,true,true,false,false,false,false,false,false,true,false,false,false,false,false,true,graph-257,6,1,1,5,2,3
4,4,5,5,4,4,3,12,4,3,6,4,9,3,3,3,3,6,7,0.2727272727272727,0.7328864329357787,2,3,3,4,4.5,0,3.0,12,12,false,false,false,true,true,true,false,false,false,false,false,false,true,false,false,false,false,false,true,graph-258,4,2,1,5,2,4
3,4,5,5,5,3,3,12,3,3,6,4,9,3,3,2,3,6,7,0.2727272727272727,0.7759763427489788,1,3,3,4,4.5,0,3.0,12,12,false,false,false,true,true,true,true,false,false,false,false,false,true,false,false,false,true,false,true,graph-259,4,2,1,6,2,5
4,4,5,5,5,3,3,12,4,3,6,5,8,3,3,2,3,6,7,0.2727272727272727,0.676595723913523,2,3,3,4,4.5,0,3.0,12,12,false,false,false,true,true,true,true,false,false,false,false,false,true,false,false,false,true,false,true,graph-260,4,2,1,6,2,5
3,4,5,5,4,4,3,12,3,3,6,4,9,3,3,3,3,6,7,0.2727272727272727,0.7294025645915575,1,3,3,4,4.5,0,3.0,12,12,false,false,true,true,true,true,false,false,false,false,false,false,true,false,false,false,false,false,true,graph-261,4,2,1,5,2,4
3,4,5,5,5,4,3,12,3,3,6,4,9,3,3,3,3,6,7,0.2727272727272727,0.7759763427489793,1,3,3,4,4.5,0,3.0,12,12,false,false,false,true,true,true,false,false,false,false,false,false,true,false,false,false,false,false,true,graph-262,4,2,1,6,2,5
3,5,6,5,4,4,3,12,3,3,6,4,9,3,3,3,3,6,7,0.2727272727272727,0.7265387828240069,1,3,3,4,4.5,0,3.0,12,12,false,false,true,true,true,true,false,false,false,false,false,false,true,false,false,false,false,false,true,graph-263,6,2,1,5,2,4
2,4,4,4,4,3,3,8,2,2,4,3,6,3,3,2,2,4,4,0.4285714285714285,2.0000000000000004,1,3,2,3,3.0,0,3.0,8,8,true,false,true,true,true,true,true,false,false,false,false,false,true,true,false,false,true,false,true,graph-264,4,2,1,4,2,4
3,4,5,5,4,4,3,12,3,3,6,4,9,3,3,3,3,6,7,0.2727272727272727,0.7207090326392451,1,3,3,4,4.5,0,3.0,12,12,false,false,true,true,true,true,false,false,false,false,false,false,true,false,false,false,false,false,true,graph-265,4,2,1,6,2,4
4,4,6,6,5,4,3,12,4,2,6,4,10,3,3,2,3,6,6,0.2727272727272727,0.7639320225002111,2,3,3,4,4.5,0,3.0,12,12,true,false,false,true,true,true,true,false,false,false,false,false,true,false,false,false,true,false,true,graph-266,4,2,1,5,2,5
4,4,5,5,3,4,3,12,4,3,6,4,9,3,3,3,3,6,7,0.2727272727272727,0.6069096836446894,2,3,3,4,4.5,0,3.0,12,12,false,false,true,true,true,true,false,false,false,false,false,false,true,false,false,false,false,false,true,graph-267,4,1,1,6,2,3
4,4,5,5,4,4,3,12,4,3,6,4,8,3,3,3,3,6,7,0.2727272727272727,0.8773050196297687,2,3,3,4,4.5,0,3.0,12,12,false,false,true,true,true,true,false,false,false,false,false,false,true,false,false,false,false,false,true,graph-268,4,2,1,6,2,4
4,4,5,5,4,3,3,12,4,3,6,4,8,3,3,3,3,6,7,0.2727272727272727,0.9454620125337312,2,3,3,4,4.5,0,3.0,12,12,false,false,false,true,true,true,false,false,false,false,false,false,true,false,false,false,false,false,true,graph-269,4,2,1,5,2,4
4,4,5,5,4,3,3,12,4,3,6,4,8,3,3,3,3,6,7,0.2727272727272727,0.8773050196297685,2,3,3,4,4.5,0,3.0,12,12,false,false,false,true,true,true,false,false,false,false,false,false,true,false,false,false,false,false,true,graph-270,4,2,1,5,2,4
4,5,6,5,4,4,3,12,4,3,6,4,8,3,3,3,3,6,7,0.2727272727272727,0.8299135133739665,2,3,3,4,4.5,0,3.0,12,12,false,false,true,true,true,true,false,false,false,false,false,false,true,false,false,false,false,false,true,graph-271,6,2,1,5,2,4
3,5,5,5,4,4,3,12,3,3,6,4,9,3,3,3,3,6,7,0.2727272727272727,0.7265387828240061,1,3,3,4,4.5,0,3.0,12,12,false,false,false,true,true,true,false,false,false,false,false,false,true,false,false,false,false,false,true,graph-272,6,2,1,6,2,4
4,5,5,5,4,3,3,12,4,3,6,4,8,3,3,3,3,6,7,0.2727272727272727,0.9179054743712838,2,3,3,4,4.5,0,3.0,12,12,false,false,false,true,true,true,false,false,false,false,false,false,true,false,false,false,false,false,true,graph-273,6,2,1,5,2,4
4,5,5,5,4,3,3,12,4,3,6,4,8,3,3,3,3,6,7,0.2727272727272727,0.9353480396825772,2,3,3,4,4.5,0,3.0,12,12,false,false,false,true,true,true,false,false,false,false,false,false,true,false,false,false,false,false,true,graph-274,6,2,1,5,2,4
3,3,3,3,4,2,2,8,3,3,4,3,6,3,3,2,2,4,5,0.4285714285714285,2.0,2,2,2,3,3.0,0,3.0,8,8,false,false,false,true,true,true,true,false,false,false,false,false,true,false,false,false,true,false,true,graph-275,4,2,1,4,2,4
3,5,5,5,4,4,3,12,3,3,6,4,9,3,3,3,3,6,7,0.2727272727272727,0.8045162712723963,1,3,3,4,4.5,0,3.0,12,12,false,false,false,true,true,true,false,false,false,false,false,false,true,false,false,false,false,false,true,graph-276,6,2,1,5,2,4
3,5,5,5,4,4,3,12,3,3,6,4,9,3,3,3,3,6,7,0.2727272727272727,0.909281200323964,1,3,3,4,4.5,0,3.0,12,12,false,false,false,true,true,true,false,false,false,false,false,false,true,false,false,false,false,false,true,graph-277,6,2,1,6,2,4
3,5,5,5,4,3,3,12,3,3,6,4,9,3,3,3,3,6,7,0.2727272727272727,0.8798348261338503,1,3,3,4,4.5,0,3.0,12,12,false,false,false,true,true,true,false,false,false,false,false,false,true,false,false,false,false,false,true,graph-278,6,2,1,6,2,4
4,4,6,5,4,4,3,12,4,3,6,4,8,3,3,3,3,6,7,0.2727272727272727,0.933563559719474,2,3,3,4,4.5,0,3.0,12,12,false,false,true,true,true,true,false,false,false,false,false,false,true,false,false,false,false,false,true,graph-279,4,2,1,6,2,4
4,4,5,5,4,4,3,12,4,3,6,4,9,3,3,3,3,6,7,0.2727272727272727,0.6916917833970263,2,3,3,4,4.5,0,3.0,12,12,false,false,false,true,true,true,false,false,false,false,false,false,true,false,false,false,false,false,true,graph-280,4,2,1,5,2,4
3,5,5,5,4,3,3,12,3,3,6,4,9,3,3,3,3,6,7,0.2727272727272727,0.8674001341977821,1,3,3,4,4.5,0,3.0,12,12,false,false,false,true,true,true,false,false,false,false,false,false,true,false,false,false,false,false,true,graph-281,6,2,1,6,2,4
4,5,5,5,5,3,3,12,4,3,6,4,8,3,3,3,3,6,7,0.2727272727272727,0.7275573043027501,2,3,3,4,4.5,0,3.0,12,12,false,false,false,true,true,true,false,false,false,false,false,false,true,false,false,false,false,false,true,graph-282,6,2,1,6,2,5
4,5,5,5,4,3,3,12,4,3,6,4,8,3,3,3,3,6,7,0.2727272727272727,0.9186419943691376,2,3,3,4,4.5,0,3.0,12,12,false,false,false,true,true,true,false,false,false,false,false,false,true,false,false,false,false,false,true,graph-283,6,2,1,6,2,4
4,4,6,4,4,4,3,12,4,3,6,4,8,3,3,3,3,6,8,0.2727272727272727,0.7639320225002109,2,2,3,4,4.5,0,3.0,12,12,false,false,true,true,true,true,false,false,false,false,false,false,true,false,false,false,false,false,true,graph-284,4,2,1,6,2,4
3,4,5,5,4,3,3,12,3,3,6,4,9,3,3,3,3,6,7,0.2727272727272727,1.0000000000000009,1,3,3,4,4.5,0,3.0,12,12,false,false,false,true,true,true,false,false,false,false,false,false,true,false,false,false,false,false,true,graph-285,4,2,1,6,2,4
3,4,4,4,5,5,3,10,3,3,5,3,11,3,3,3,3,5,6,0.3333333333333333,0.2215428817416112,1,2,3,4,4.0,0,3.0,10,10,false,false,true,true,true,true,false,false,false,true,true,false,false,false,false,false,true,false,true,graph-286,4,2,1,4,2,5
3,5,5,5,5,3,3,12,3,3,6,4,9,3,3,3,3,6,7,0.2727272727272727,1.0000000000000016,1,3,3,4,4.5,0,3.0,12,12,false,false,false,true,true,true,false,false,false,false,false,false,true,false,false,false,false,false,true,graph-287,6,2,1,5,2,5
3,5,5,5,4,3,3,12,3,3,6,4,9,3,3,3,3,6,7,0.2727272727272727,0.8850924585232479,1,3,3,4,4.5,0,3.0,12,12,false,false,false,true,true,true,false,false,false,false,false,false,true,false,false,false,false,false,true,graph-288,6,2,1,5,2,4
3,4,6,4,4,3,3,12,3,3,6,4,9,3,3,3,3,6,8,0.2727272727272727,1.0000000000000004,1,2,3,4,4.5,0,3.0,12,12,false,false,true,true,true,true,false,true,false,false,false,false,true,false,false,false,false,false,true,graph-289,4,2,1,6,2,4
3,5,5,5,5,3,3,12,3,3,6,4,9,3,3,3,3,6,7,0.2727272727272727,1.0000000000000002,1,3,3,4,4.5,0,3.0,12,12,false,false,false,true,true,true,false,false,false,false,false,false,true,false,false,false,false,false,true,graph-290,6,2,1,5,2,5
3,5,6,5,5,3,3,12,3,3,6,4,9,3,3,3,3,6,7,0.2727272727272727,1.0000000000000009,1,3,3,4,4.5,0,3.0,12,12,false,false,false,true,true,true,false,false,false,false,false,false,true,false,false,false,false,false,true,graph-291,6,2,1,5,2,5
4,4,6,6,4,4,4,12,4,2,6,4,8,3,3,2,3,6,6,0.2727272727272727,1.0000000000000004,2,3,3,4,4.5,0,3.0,12,12,true,false,true,true,true,true,true,false,false,false,false,false,true,false,false,false,true,false,true,graph-292,4,2,1,6,2,4
4,4,5,5,4,3,3,12,4,3,6,4,8,3,3,2,3,6,7,0.2727272727272727,1.0000000000000022,2,3,3,4,4.5,0,3.0,12,12,false,false,false,true,true,true,true,false,false,false,false,false,true,false,false,false,true,false,true,graph-293,4,2,1,6,2,4
4,5,5,5,4,3,3,12,4,3,6,4,8,3,3,2,3,6,7,0.2727272727272727,1.0967880740884484,2,3,3,4,4.5,0,3.0,12,12,false,false,false,true,true,true,true,false,false,false,false,false,true,false,false,false,true,false,true,graph-294,6,2,1,6,2,4
4,4,5,5,4,3,3,12,4,3,6,4,8,3,3,2,3,6,7,0.2727272727272727,1.0327165484287724,2,3,3,4,4.5,0,3.0,12,12,false,false,false,true,true,true,true,false,false,false,false,false,true,false,false,false,true,false,true,graph-295,4,2,1,5,2,4
4,4,5,5,4,3,3,12,4,3,6,4,8,3,3,2,3,6,7,0.2727272727272727,1.066192692393424,2,3,3,4,4.5,0,3.0,12,12,false,false,false,true,true,true,true,false,false,false,false,false,true,false,false,false,true,false,true,graph-296,4,2,1,6,2,4
4,4,6,6,3,4,4,12,4,2,6,4,10,2,3,2,4,6,6,0.2575757575757575,0.6248446128126837,2,3,3,4,5.0,0,2.833333333333333,2,10,true,false,true,false,false,true,true,false,false,false,false,false,true,false,false,false,true,false,true,graph-297,4,1,1,6,1,3
4,5,7,6,4,4,4,14,4,3,7,5,9,3,3,2,4,7,8,0.2307692307692307,0.7530203962825333,1,3,4,5,5.5,0,3.0,14,14,false,false,true,true,true,true,true,false,false,false,false,false,true,false,false,false,true,false,true,graph-298,6,2,1,7,2,4
4,6,8,8,3,5,5,16,4,2,8,6,12,2,3,2,5,8,8,0.1916666666666666,0.4024815593183041,1,3,4,6,6.5,0,2.875,2,14,true,false,true,false,false,true,true,false,false,false,false,false,true,false,false,false,true,false,true,graph-299,6,1,1,8,1,3
2,2,2,2,4,2,2,6,2,3,3,2,4,4,4,3,2,3,4,0.8,3.999999999999999,1,1,2,2,2.0,0,4.0,6,6,false,true,true,true,false,true,false,true,false,true,false,false,true,true,true,false,true,false,false,graph-300,2,1,1,2,3,4
2,2,2,2,4,2,2,7,2,4,3,3,5,4,4,3,2,3,5,0.6666666666666666,3.198062264195164,1,1,2,2,2.5,0,4.0,7,7,false,true,false,true,false,true,false,true,false,true,false,false,true,false,false,false,true,false,false,graph-301,2,1,1,3,3,4
2,2,2,2,4,2,2,8,2,4,4,3,5,4,4,4,2,4,6,0.5714285714285714,2.0,1,1,2,2,2.5,0,4.0,8,8,false,true,false,true,false,true,false,true,false,true,false,false,true,false,false,false,true,false,false,graph-302,2,1,1,4,3,4
